id,name,email,password,birthday,number,address
28,吳嵐欣,rodriguez2291@gmail.com,SRve45L6,1979-11-16,0928819776,桃園市中壢區志欣路96號
29,楊倫方,garrett7400@yahoo.com,Uf937M5a,1978-06-08,0933418543,新北市新莊區新莊路55號之17
30,黃浩龍,lewis1487@gmail.com,WdnBAH79,1993-07-28,0939116836,屏東縣屏東市瑞光路２段63號4樓
31,黃立鶴,dalton4781@outlook.com,2FE6y9FC,1961-01-18,0952869727,新北市三芝區四棧橋45號
32,馮劉年,cheryl1483@gmail.com,Y7rUKN4C,2017-10-13,0938498517,臺南市六甲區菁埔58號2樓之19
33,余寧璇,mcmann9781@yahoo.com,59Y4bR8c,1975-08-20,0931366054,新北市樹林區博愛一街65號
34,王志秀,cook7392@outlook.com,x2f3S3N6,1976-09-03,0953698269,臺中市新社區興社街１段國校巷17號
35,韓志瑜,audrina3728@gmail.com,PYf2J6yE,2008-06-30,0919561227,臺北市信義區文昌街73號
36,羅採芯,leslie5598@outlook.com,tsU63977,2009-04-18,0918472291,新北市中和區民生街48號
37,張如羽,elaine3842@gmail.com,463586SX,2011-12-04,0986927121,彰化縣社頭鄉北源巷62號5樓